{"loss": [1.6262773275375366, 1.1620103120803833], "accuracy": [0.4608199894428253, 0.59934002161026], "val_loss": [1.46315336227417, 1.0369083881378174], "val_accuracy": [0.5103999972343445, 0.6482999920845032]}